insert into ADM_TEXT_RESOURCE(ID, [KEY]) values (1,'Sosna');
insert into ADM_TEXT_RESOURCE(ID, [KEY]) values (2,'Dąb');
insert into ADM_TEXT_RESOURCE(ID, [KEY]) values (3,'Świerk');
insert into ADM_TEXT_RESOURCE(ID, [KEY]) values (4,'Brzoza');
insert into ADM_TEXT_RESOURCE(ID, [KEY]) values (5,'Klon');
insert into ADM_TEXT_RESOURCE(ID, [KEY]) values (6,'Buk');


Insert into adm_plants(id, ADM_TEXT_RESOURCE_id, production_no) values (1,1,'0000000002');
Insert into adm_plants(id, ADM_TEXT_RESOURCE_id, production_no) values (2,2,'0000000003');
Insert into adm_plants(id, ADM_TEXT_RESOURCE_id, production_no) values (3, 3,'0000000004');
Insert into adm_plants(id, ADM_TEXT_RESOURCE_id, production_no) values (4, 4,'0000000005');
Insert into adm_plants(id, ADM_TEXT_RESOURCE_id, production_no) values (5, 5,'0000000005');
Insert into adm_plants(id, ADM_TEXT_RESOURCE_id, production_no) values (6, 6,'0000000006');

insert into adm_sown_log(id, tape_id, [year], adm_plant_id) values (11, 1, convert(smalldatetime, '2014-01-17'), 1 );
insert into adm_sown_log(id, tape_id, [year], adm_plant_id) values (22,2,convert(smalldatetime, '2014-01-17'),2);
insert into adm_sown_log(id, tape_id, [year], adm_plant_id) values (33,3,convert(smalldatetime, '2014-01-17'),3);
insert into adm_sown_log(id, tape_id, [year], adm_plant_id) values (44,4,convert(smalldatetime, '2014-01-17'),4);
insert into adm_sown_log(id, tape_id, [year], adm_plant_id) values (55,5,convert(smalldatetime, '2014-01-17'),5);
insert into adm_sown_log(id, tape_id, [year], adm_plant_id) values (66,6,convert(smalldatetime, '2014-01-17'),6);
insert into adm_sown_log(id, tape_id, [year], adm_plant_id) values (77,7,convert(smalldatetime, '2014-01-17'),1);
insert into adm_sown_log(id, tape_id, [year], adm_plant_id) values (88,8,convert(smalldatetime, '2014-01-17'),2);
insert into adm_sown_log(id, tape_id, [year], adm_plant_id) values (99,9,convert(smalldatetime, '2014-01-17'),3);
insert into adm_sown_log(id, tape_id, [year], adm_plant_id) values (10,10,convert(smalldatetime, '2013-01-17'),4);
insert into adm_sown_log(id, tape_id, [year], adm_plant_id) values (1,1,convert(smalldatetime, '2014-01-17'),5);
insert into adm_sown_log(id, tape_id, [year], adm_plant_id) values (2,11,convert(smalldatetime, '2014-01-17'),6);
insert into adm_sown_log(id, tape_id, [year], adm_plant_id) values (3,12,convert(smalldatetime, '2014-01-17'),1);
insert into adm_sown_log(id, tape_id, [year], adm_plant_id) values (4,13,convert(smalldatetime, '2014-01-17'),2);
insert into adm_sown_log(id, tape_id, [year], adm_plant_id) values (5,14,convert(smalldatetime, '2014-01-17'),3);
insert into adm_sown_log(id, tape_id, [year], adm_plant_id) values (6,15,convert(smalldatetime, '2014-01-17'),4);
insert into adm_sown_log(id, tape_id, [year], adm_plant_id) values (7,16,convert(smalldatetime, '2014-01-17'),5);
insert into adm_sown_log(id, tape_id, [year], adm_plant_id) values (8,17,convert(smalldatetime, '2014-01-17'),6);
insert into adm_sown_log(id, tape_id, [year], adm_plant_id) values (9,18,convert(smalldatetime, '2014-01-17'),1);
insert into adm_sown_log(id, tape_id, [year], adm_plant_id) values (20,19,convert(smalldatetime, '2014-01-17'),2);
insert into adm_sown_log(id, tape_id, [year], adm_plant_id) values (21,20,convert(smalldatetime, '2014-01-17'),3);
insert into adm_sown_log(id, tape_id, [year], adm_plant_id) values (22,21,convert(smalldatetime, '2014-01-17'),4);
insert into adm_sown_log(id, tape_id, [year], adm_plant_id) values (23,22,convert(smalldatetime, '2014-01-17'),5);
insert into adm_sown_log(id, tape_id, [year], adm_plant_id) values (24,23,convert(smalldatetime, '2014-01-17'),6);
insert into adm_sown_log(id, tape_id, [year], adm_plant_id) values (25,24,convert(smalldatetime, '2014-01-17'),1);
insert into adm_sown_log(id, tape_id, [year], adm_plant_id) values (26,25,convert(smalldatetime, '2014-01-17'),2);
insert into adm_sown_log(id, tape_id, [year], adm_plant_id) values (27,26,convert(smalldatetime, '2014-01-17'),3);
insert into adm_sown_log(id, tape_id, [year], adm_plant_id) values (28,27,convert(smalldatetime, '2014-01-17'),4);
insert into adm_sown_log(id, tape_id, [year], adm_plant_id) values (29,28,convert(smalldatetime, '2014-01-17'),5);
insert into adm_sown_log(id, tape_id, [year], adm_plant_id) values (30,29,convert(smalldatetime, '2014-01-17'),6);
insert into adm_sown_log(id, tape_id, [year], adm_plant_id) values (31,30,convert(smalldatetime, '2014-01-17'),1);
insert into adm_sown_log(id, tape_id, [year], adm_plant_id) values (32,31,convert(smalldatetime, '2014-01-17'),2);
insert into adm_sown_log(id, tape_id, [year], adm_plant_id) values (33,32,convert(smalldatetime, '2014-01-17'),3);
insert into adm_sown_log(id, tape_id, [year], adm_plant_id) values (34,33,convert(smalldatetime, '2014-01-17'),4);
insert into adm_sown_log(id, tape_id, [year], adm_plant_id) values (35,34,convert(smalldatetime, '2014-01-17'),5);
insert into adm_sown_log(id, tape_id, [year], adm_plant_id) values (36,35,convert(smalldatetime, '2014-01-17'),6);
insert into adm_sown_log(id, tape_id, [year], adm_plant_id) values (37,36,convert(smalldatetime, '2014-01-17'),1);
insert into adm_sown_log(id, tape_id, [year], adm_plant_id) values (38,37,convert(smalldatetime, '2014-01-17'),2);
insert into adm_sown_log(id, tape_id, [year], adm_plant_id) values (39,39,convert(smalldatetime, '2014-01-17'),3);
insert into adm_sown_log(id, tape_id, [year], adm_plant_id) values (40,38,convert(smalldatetime, '2014-01-17'),4);
insert into adm_sown_log(id, tape_id, [year], adm_plant_id) values (41,40,convert(smalldatetime, '2014-01-17'),5);
insert into adm_sown_log(id, tape_id, [year], adm_plant_id) values (42,41,convert(smalldatetime, '2014-01-17'),6);
insert into adm_sown_log(id, tape_id, [year], adm_plant_id) values (43,42,convert(smalldatetime, '2014-01-17'),1);
insert into adm_sown_log(id, tape_id, [year], adm_plant_id) values (44,43,convert(smalldatetime, '2014-01-17'),2);
insert into adm_sown_log(id, tape_id, [year], adm_plant_id) values (45,44,convert(smalldatetime, '2014-01-17'),3);
insert into adm_sown_log(id, tape_id, [year], adm_plant_id) values (46,45,convert(smalldatetime, '2014-01-17'),4);
insert into adm_sown_log(id, tape_id, [year], adm_plant_id) values (47,46,convert(smalldatetime, '2014-01-17'),5);
insert into adm_sown_log(id, tape_id, [year], adm_plant_id) values (48,47,convert(smalldatetime, '2014-01-17'),6);
insert into adm_sown_log(id, tape_id, [year], adm_plant_id) values (49,48,convert(smalldatetime, '2014-01-17'),1);
insert into adm_sown_log(id, tape_id, [year], adm_plant_id) values (50,49,convert(smalldatetime, '2014-01-17'),2);
insert into adm_sown_log(id, tape_id, [year], adm_plant_id) values (51,50,convert(smalldatetime, '2014-01-17'),3);
insert into adm_sown_log(id, tape_id, [year], adm_plant_id) values (52,51,convert(smalldatetime, '2014-01-17'),4);
insert into adm_sown_log(id, tape_id, [year], adm_plant_id) values (53,52,convert(smalldatetime, '2014-01-17'),5);
insert into adm_sown_log(id, tape_id, [year], adm_plant_id) values (54,53,convert(smalldatetime, '2014-01-17'),6);
insert into adm_sown_log(id, tape_id, [year], adm_plant_id) values (55,54,convert(smalldatetime, '2014-01-17'),1);
insert into adm_sown_log(id, tape_id, [year], adm_plant_id) values (56,55,convert(smalldatetime, '2014-01-17'),2);
insert into adm_sown_log(id, tape_id, [year], adm_plant_id) values (57,56,convert(smalldatetime, '2014-01-17'),3);
insert into adm_sown_log(id, tape_id, [year], adm_plant_id) values (58,57,convert(smalldatetime, '2014-01-17'),4);
insert into adm_sown_log(id, tape_id, [year], adm_plant_id) values (59,58,convert(smalldatetime, '2014-01-17'),5);
insert into adm_sown_log(id, tape_id, [year], adm_plant_id) values (60,59,convert(smalldatetime, '2014-01-17'),6);
insert into adm_sown_log(id, tape_id, [year], adm_plant_id) values (61,60,convert(smalldatetime, '2014-01-17'),1);
insert into adm_sown_log(id, tape_id, [year], adm_plant_id) values (62,61,convert(smalldatetime, '2014-01-17'),2);
insert into adm_sown_log(id, tape_id, [year], adm_plant_id) values (63,62,convert(smalldatetime, '2014-01-17'),3);
insert into adm_sown_log(id, tape_id, [year], adm_plant_id) values (64,63,convert(smalldatetime, '2014-01-17'),4);
insert into adm_sown_log(id, tape_id, [year], adm_plant_id) values (65,64,convert(smalldatetime, '2014-01-17'),5);
insert into adm_sown_log(id, tape_id, [year], adm_plant_id) values (66,65,convert(smalldatetime, '2014-01-17'),6);
insert into adm_sown_log(id, tape_id, [year], adm_plant_id) values (67,66,convert(smalldatetime, '2014-01-17'),1);
insert into adm_sown_log(id, tape_id, [year], adm_plant_id) values (68,67,convert(smalldatetime, '2014-01-17'),2);
insert into adm_sown_log(id, tape_id, [year], adm_plant_id) values (69,68,convert(smalldatetime, '2014-01-17'),3);
insert into adm_sown_log(id, tape_id, [year], adm_plant_id) values (70,69,convert(smalldatetime, '2014-01-17'),4);
insert into adm_sown_log(id, tape_id, [year], adm_plant_id) values (71,70,convert(smalldatetime, '2014-01-17'),5);
insert into adm_sown_log(id, tape_id, [year], adm_plant_id) values (72,71,convert(smalldatetime, '2014-01-17'),6);
insert into adm_sown_log(id, tape_id, [year], adm_plant_id) values (73,72,convert(smalldatetime, '2014-01-17'),1);
insert into adm_sown_log(id, tape_id, [year], adm_plant_id) values (74,73,convert(smalldatetime, '2014-01-17'),2);
insert into adm_sown_log(id, tape_id, [year], adm_plant_id) values (75,74,convert(smalldatetime, '2014-01-17'),3);
insert into adm_sown_log(id, tape_id, [year], adm_plant_id) values (76,75,convert(smalldatetime, '2014-01-17'),4);
insert into adm_sown_log(id, tape_id, [year], adm_plant_id) values (77,76,convert(smalldatetime, '2014-01-17'),5);
insert into adm_sown_log(id, tape_id, [year], adm_plant_id) values (78,77,convert(smalldatetime, '2014-01-17'),6);
insert into adm_sown_log(id, tape_id, [year], adm_plant_id) values (79,78,convert(smalldatetime, '2014-01-17'),1);
insert into adm_sown_log(id, tape_id, [year], adm_plant_id) values (80,79,convert(smalldatetime, '2014-01-17'),2);
insert into adm_sown_log(id, tape_id, [year], adm_plant_id) values (81,80,convert(smalldatetime, '2014-01-17'),3);
insert into adm_sown_log(id, tape_id, [year], adm_plant_id) values (82,81,convert(smalldatetime, '2014-01-17'),4);
insert into adm_sown_log(id, tape_id, [year], adm_plant_id) values (83,82,convert(smalldatetime, '2014-01-17'),5);
insert into adm_sown_log(id, tape_id, [year], adm_plant_id) values (84,83,convert(smalldatetime, '2014-01-17'),6);
insert into adm_sown_log(id, tape_id, [year], adm_plant_id) values (85,84,convert(smalldatetime, '2014-01-17'),1);
insert into adm_sown_log(id, tape_id, [year], adm_plant_id) values (86,85,convert(smalldatetime, '2014-01-17'),2);
insert into adm_sown_log(id, tape_id, [year], adm_plant_id) values (87,86,convert(smalldatetime, '2014-01-17'),3);
insert into adm_sown_log(id, tape_id, [year], adm_plant_id) values (88,87,convert(smalldatetime, '2014-01-17'),4);
insert into adm_sown_log(id, tape_id, [year], adm_plant_id) values (89,88,convert(smalldatetime, '2014-01-17'),5);
insert into adm_sown_log(id, tape_id, [year], adm_plant_id) values (90,89,convert(smalldatetime, '2014-01-17'),6);
insert into adm_sown_log(id, tape_id, [year], adm_plant_id) values (91,90,convert(smalldatetime, '2014-01-17'),1);
insert into adm_sown_log(id, tape_id, [year], adm_plant_id) values (92,91,convert(smalldatetime, '2014-01-17'),2);
insert into adm_sown_log(id, tape_id, [year], adm_plant_id) values (93,92,convert(smalldatetime, '2014-01-17'),3);
insert into adm_sown_log(id, tape_id, [year], adm_plant_id) values (94,93,convert(smalldatetime, '2014-01-17'),4);
insert into adm_sown_log(id, tape_id, [year], adm_plant_id) values (95,94,convert(smalldatetime, '2014-01-17'),5);
insert into adm_sown_log(id, tape_id, [year], adm_plant_id) values (96,95,convert(smalldatetime, '2014-01-17'),6);
insert into adm_sown_log(id, tape_id, [year], adm_plant_id) values (97,96,convert(smalldatetime, '2014-01-17'),1);
insert into adm_sown_log(id, tape_id, [year], adm_plant_id) values (98,97,convert(smalldatetime, '2014-01-17'),2);
insert into adm_sown_log(id, tape_id, [year], adm_plant_id) values (100,99,convert(smalldatetime, '2014-01-17'),4);
insert into adm_sown_log(id, tape_id, [year], adm_plant_id) values (101,100,convert(smalldatetime, '2014-01-17'),5);
insert into adm_sown_log(id, tape_id, [year], adm_plant_id) values (102,85,convert(smalldatetime, '2014-01-17'),6);
insert into adm_sown_log(id, tape_id, [year], adm_plant_id) values (103,69,convert(smalldatetime, '2014-01-17'),1);
insert into adm_sown_log(id, tape_id, [year], adm_plant_id) values (104,101,convert(smalldatetime, '2014-01-17'),2);
insert into adm_sown_log(id, tape_id, [year], adm_plant_id) values (105,102,convert(smalldatetime, '2014-01-17'),3);
insert into adm_sown_log(id, tape_id, [year], adm_plant_id) values (106,103,convert(smalldatetime, '2014-01-17'),4);
insert into adm_sown_log(id, tape_id, [year], adm_plant_id) values (107,104,convert(smalldatetime, '2014-01-17'),5);
insert into adm_sown_log(id, tape_id, [year], adm_plant_id) values (108,105,convert(smalldatetime, '2014-01-17'),6);
insert into adm_sown_log(id, tape_id, [year], adm_plant_id) values (109,106,convert(smalldatetime, '2014-01-17'),1);
insert into adm_sown_log(id, tape_id, [year], adm_plant_id) values (110,107,convert(smalldatetime, '2014-01-17'),2);
insert into adm_sown_log(id, tape_id, [year], adm_plant_id) values (111,108,convert(smalldatetime, '2014-01-17'),3);
insert into adm_sown_log(id, tape_id, [year], adm_plant_id) values (112,109,convert(smalldatetime, '2014-01-17'),4);
insert into adm_sown_log(id, tape_id, [year], adm_plant_id) values (113,110,convert(smalldatetime, '2014-01-17'),5);
insert into adm_sown_log(id, tape_id, [year], adm_plant_id) values (114,111,convert(smalldatetime, '2014-01-17'),6);
insert into adm_sown_log(id, tape_id, [year], adm_plant_id) values (115,112,convert(smalldatetime, '2014-01-17'),1);
insert into adm_sown_log(id, tape_id, [year], adm_plant_id) values (116,113,convert(smalldatetime, '2014-01-17'),2);
insert into adm_sown_log(id, tape_id, [year], adm_plant_id) values (117,114,convert(smalldatetime, '2014-01-17'),3);
insert into adm_sown_log(id, tape_id, [year], adm_plant_id) values (118,115,convert(smalldatetime, '2014-01-17'),4);
insert into adm_sown_log(id, tape_id, [year], adm_plant_id) values (119,116,convert(smalldatetime, '2014-01-17'),5);
